title,link
就活でWEBテストに懸念,https://example-blog.com/?p=341
もろみ酢ダイエットの方法,https://example-blog.com/?p=335
サプリメントの飲み方について,https://example-blog.com/?p=333
美容整形手術を受けるときの注意点,https://example-blog.com/?p=331
医療痩身の種類,https://example-blog.com/?p=329
肌荒れが酷いために病院に足を運ぶ,https://example-blog.com/?p=326
肌のバリア機能が落ちてしまうことが要因,https://example-blog.com/?p=324
美白が望みなので「美白効果を謳っている化粧品を買っている,https://example-blog.com/?p=322
スキンケアに関しましては、水分補給が肝要,https://example-blog.com/?p=320
憧れの高雄ーガオシュンー南国港町,https://example-blog.com/?p=316
